order_value,customer_age,days_since_signup,num_previous_orders,customer_region,product_category,payment_method,time_on_site_minutes,items_in_cart,discount_applied,churn
33.463404498842955,71,332,4,West,Clothing,PayPal,1.5076380668950238,7,1,0
160.50607154587604,34,173,12,North,Sports,PayPal,18.91661902825886,7,1,0
75.83728467727246,26,130,16,West,Clothing,PayPal,19.57416135972531,6,0,0
55.64712768879766,50,95,49,East,Electronics,Credit Card,4.353441033462616,6,0,0
18.481243523117314,70,115,39,West,Sports,Debit Card,7.214815334849787,2,0,0
18.47981459573026,37,243,44,North,Home,Credit Card,6.772120530789945,6,0,1
12.991938430434034,30,292,31,South,Clothing,Credit Card,3.465527131462082,4,0,0
110.56154322399698,45,282,28,West,Sports,Credit Card,6.05501235323133,3,1,0
55.954107681363226,65,299,2,North,Electronics,Debit Card,1.4540306764212683,2,0,1
71.56250308522951,46,283,39,North,Home,PayPal,4.25483733859424,1,0,1
11.03996539995693,30,69,33,East,Clothing,PayPal,17.96533886369504,5,0,1
185.1778737579156,63,148,39,East,Clothing,PayPal,4.348607582183368,2,0,0
99.32147716773375,52,11,26,West,Sports,Debit Card,18.048847796950916,2,0,1
21.93438126244735,23,254,12,South,Home,PayPal,8.58431504228551,7,0,0
20.033949437483166,35,330,44,North,Home,Debit Card,22.19119835151876,8,0,0
20.130571141612855,68,360,32,West,Home,PayPal,9.551475486854775,8,0,0
28.137686473023855,22,38,5,North,Home,PayPal,1.3011722788880906,4,0,1
47.19639154304272,64,134,23,North,Electronics,Credit Card,12.25223879527378,1,0,0
38.27685333901683,42,200,18,South,Home,Debit Card,1.4589061834304944,7,0,0
27.211149627697075,19,23,15,South,Clothing,Credit Card,6.989230793858004,1,1,0
57.318543694989934,27,303,39,West,Clothing,Credit Card,27.51103314668387,4,0,0
17.511726436366935,73,346,27,South,Electronics,Credit Card,2.8056782269038134,8,0,0
27.275775600120113,47,302,32,South,Clothing,Debit Card,5.940870862331927,2,0,0
32.813860911042354,67,363,47,West,Clothing,Debit Card,14.088160791406088,6,0,0
40.44673439298875,62,218,40,South,Home,PayPal,22.39264211951592,6,0,0
86.8968005515456,22,141,12,East,Clothing,Credit Card,12.115243053559936,9,0,1
21.136793106434514,72,104,42,North,Electronics,PayPal,3.9863955929375563,5,1,1
46.10145775165638,73,210,44,North,Home,Credit Card,12.22724217605237,4,0,1
54.875236065488025,50,111,24,North,Sports,Debit Card,4.520110384511586,5,0,0
12.378192487820428,71,104,41,North,Home,Debit Card,13.673714591579595,5,0,0
56.7666510324805,18,316,35,West,Electronics,Debit Card,31.798343068285327,8,1,0
19.348062598870822,35,171,26,North,Home,Credit Card,13.77954711474399,8,0,0
13.363196543965213,49,356,37,North,Home,Debit Card,20.869024918203472,2,0,0
158.68438967534655,64,324,6,North,Electronics,Credit Card,1.0210605936282318,7,0,0
178.53151712305862,66,133,4,North,Home,PayPal,13.643320697768823,8,0,1
92.61657864064384,28,293,42,East,Electronics,Credit Card,18.695336441617236,6,0,0
28.164392998437915,38,328,44,North,Electronics,PayPal,1.4140418223434892,5,0,0
15.138865750125312,43,127,30,East,Sports,Credit Card,21.525871876354987,9,0,1
67.63753815493308,42,106,22,West,Clothing,PayPal,3.9664778232751265,3,0,1
39.00454212926992,39,92,41,South,Clothing,Debit Card,11.944970737264331,4,0,0
16.50761169772243,44,287,9,North,Home,PayPal,17.112138836548453,9,0,0
44.177361406707504,66,51,31,South,Home,Debit Card,11.86677333611818,6,1,0
11.749686072173954,30,29,42,South,Sports,Debit Card,1.968245972363301,8,0,1
130.02114436965118,50,296,29,West,Sports,PayPal,10.071365566320612,7,0,0
24.972888842034305,51,297,38,South,Sports,Credit Card,8.975829166740935,2,0,0
64.31278992824902,58,214,30,East,Electronics,Credit Card,24.058029454752717,3,0,0
28.677329082881183,52,267,17,South,Sports,Credit Card,6.179169237800131,1,1,0
46.70554479546143,18,257,35,South,Sports,Credit Card,4.872535946198978,9,0,0
49.561189899089875,38,302,1,South,Home,Credit Card,14.856975969649099,7,0,0
20.219429975395286,65,101,13,North,Sports,Debit Card,6.321775048781278,1,0,0
184.64035663681133,72,346,12,North,Electronics,Credit Card,11.38730083565541,3,0,1
84.61226885690704,23,110,28,East,Electronics,Debit Card,11.397306158452473,4,0,1
150.25472096457912,45,182,11,East,Home,Debit Card,22.896052574576718,4,0,0
122.60759987670983,34,313,38,North,Sports,Debit Card,10.130270692174111,5,0,0
55.55272061916375,22,1,1,East,Sports,PayPal,7.974637032780528,3,1,0
137.47176896347025,48,319,31,North,Electronics,PayPal,2.495113390265102,3,0,0
14.63277294765578,22,55,12,West,Sports,Debit Card,2.230014353642368,1,1,0
20.906734731563372,55,149,45,South,Sports,PayPal,2.6761609243995856,7,1,0
12.314098284341597,20,309,26,South,Sports,Credit Card,2.8855914777184672,1,1,0
29.67660434015434,70,137,48,East,Clothing,Credit Card,11.157716017526308,2,0,0
34.606514589710926,40,202,40,North,Home,Debit Card,14.508548271405838,4,0,0
25.828022160441286,54,313,16,North,Clothing,Credit Card,8.550045481139167,4,1,0
98.22789326204669,70,117,39,East,Home,Debit Card,18.66195426953039,5,0,0
32.0613499764935,54,154,30,North,Electronics,Debit Card,48.40214348973864,2,0,0
26.49014200671246,27,291,33,West,Sports,Credit Card,18.148685923275792,4,1,1
49.1203541603873,27,63,23,South,Home,PayPal,12.870579166436366,1,1,0
17.59490739103144,36,244,44,East,Clothing,Credit Card,8.603403141981001,2,0,0
91.02417978873656,34,25,34,East,Sports,Credit Card,6.957538477983734,1,0,1
13.87379344056545,38,90,47,North,Electronics,Debit Card,1.8816736912155636,4,0,0
226.70731697936597,31,75,5,East,Home,Debit Card,6.097740908117539,4,1,0
83.97418881207557,26,294,18,West,Home,Debit Card,25.09442692969518,7,1,1
21.076972025294296,63,210,29,North,Home,Debit Card,17.50377777997504,9,0,0
10.276871018796774,18,347,6,North,Sports,PayPal,3.4341177737457493,9,0,1
94.4948388743063,68,17,9,North,Clothing,PayPal,7.28498261823693,5,1,1
71.35479536935223,62,128,40,North,Clothing,PayPal,17.967577145739384,1,0,0
75.28314543939995,30,364,31,West,Home,Debit Card,1.6976233328839987,1,0,0
83.76072630217567,21,251,33,North,Electronics,Debit Card,5.900309816019522,6,1,1
13.846463275689818,18,179,27,East,Electronics,Debit Card,20.094708563504025,2,0,0
32.19463362081163,66,182,14,West,Clothing,PayPal,6.173432577566758,8,0,0
16.157505230222483,57,152,29,South,Electronics,Debit Card,1.807921869220163,9,0,1
109.42647858291113,49,25,36,South,Clothing,Credit Card,8.82053519563262,4,0,1
58.815059585618705,51,180,28,East,Home,Credit Card,20.78637353747863,5,1,0
30.09094006256505,45,198,21,East,Clothing,Debit Card,9.922948081423357,8,0,1
13.283403290239145,48,344,3,West,Clothing,Credit Card,3.565440753539498,3,1,0
28.624417520517685,25,161,19,South,Home,Credit Card,5.848973848558193,5,0,0
29.665710659206567,56,177,31,South,Electronics,PayPal,6.980613189711288,3,0,0
75.39378919788705,43,285,35,South,Clothing,Debit Card,9.657553149269253,3,0,1
60.744467946301,51,63,49,South,Clothing,Debit Card,15.24415945667256,3,0,0
119.11259562007574,71,150,3,South,Home,PayPal,2.041097622212681,7,0,0
41.953306668815486,71,154,26,North,Electronics,Credit Card,23.041165698072042,7,0,0
16.368619680775094,20,156,16,East,Clothing,Credit Card,1.1238609496573324,7,0,1
72.45631721582997,67,49,11,North,Home,Debit Card,5.6211853395865425,8,0,1
81.5196376538432,29,337,21,South,Clothing,Credit Card,1.2780326337387307,5,1,0
51.19437474429144,18,84,16,West,Sports,PayPal,5.991840264605336,5,0,0
83.69449833606822,71,361,9,West,Home,PayPal,8.461526743948946,4,1,1
44.0407365755139,61,177,0,South,Electronics,Debit Card,8.167871898237248,7,0,0
46.98394193886335,22,148,21,South,Electronics,PayPal,2.8107634882121233,4,0,1
37.890709695421364,47,118,25,West,Electronics,PayPal,11.377256120492335,2,0,0
11.287388699505687,47,342,17,North,Electronics,Debit Card,1.4581197640634647,4,0,0
15.708371759593291,74,63,49,North,Clothing,PayPal,15.350931698828317,8,0,0
11.596684064652692,34,189,13,South,Clothing,PayPal,30.307769766584954,9,1,0
60.58647754637747,65,360,46,North,Electronics,PayPal,5.151652433967968,3,1,0
28.869835439754993,64,49,28,West,Electronics,Credit Card,8.282343625023211,7,0,0
45.52185885670951,40,327,11,North,Electronics,Debit Card,5.762797277083896,9,0,0
129.06327649229877,32,257,35,South,Clothing,Debit Card,1.0673300620420103,4,1,0
24.336941149164915,54,224,34,West,Electronics,Debit Card,5.875559790413681,3,0,0
36.414098744133625,38,141,11,North,Electronics,Credit Card,16.688731954613385,5,1,1
80.43745737692917,31,215,6,East,Sports,Credit Card,10.063127830446485,1,1,1
22.9902578458697,19,211,28,West,Sports,Debit Card,2.0676140156840623,3,1,0
14.00521392750882,28,318,10,West,Electronics,Credit Card,19.78229470783498,8,0,0
27.107015194352854,68,32,32,East,Home,Debit Card,8.573344991315427,8,0,0
18.79041792500314,56,158,5,East,Electronics,Credit Card,19.43410901916373,4,0,1
142.74750429403124,55,285,46,West,Sports,PayPal,9.68028132521213,2,0,0
92.54435402422847,51,305,14,East,Home,PayPal,9.202727227263638,8,1,0
60.174709526026554,55,286,31,South,Home,Debit Card,2.1122119504615418,8,0,0
112.57598652604065,67,144,10,South,Electronics,Credit Card,2.8315358259779995,4,0,0
91.39844703702782,51,19,22,South,Sports,Credit Card,36.76453193605131,3,1,0
20.324773817931955,35,18,25,West,Sports,PayPal,3.594014287843722,2,1,0
121.54067026177805,47,257,33,East,Home,PayPal,38.92114141629432,9,1,0
48.7549950983086,32,78,45,East,Electronics,Credit Card,8.591004759372211,1,1,1
92.36741456517831,44,175,33,North,Clothing,Credit Card,2.459383814891014,7,0,0
123.21213246431157,68,194,28,North,Clothing,Credit Card,2.045854857973988,5,0,0
29.136535820915924,51,113,3,East,Sports,Credit Card,3.342854811054797,8,1,0
15.829608006192542,69,114,16,East,Clothing,Credit Card,26.988012107129276,4,0,1
22.93433730696907,74,222,34,East,Sports,Credit Card,6.346918777787342,7,0,0
37.85288463743072,55,166,12,West,Sports,Debit Card,6.03244877027261,5,0,0
95.19148633194725,50,319,40,East,Sports,Credit Card,4.757212662935764,5,0,1
108.56724859399166,41,132,38,North,Clothing,PayPal,2.59068243576123,9,1,0
10.348820459082532,32,264,14,West,Sports,Debit Card,7.69140065683906,9,0,0
45.74380796692779,47,55,28,East,Home,Credit Card,2.3931699126839554,9,0,0
37.01366604593356,72,359,28,North,Electronics,PayPal,19.04724572420895,6,0,0
22.558366913791225,59,131,10,West,Electronics,Debit Card,5.626657951612171,6,0,1
16.38401957728234,68,288,31,East,Sports,PayPal,5.696893870758526,5,0,0
30.595428993121622,34,266,1,East,Electronics,Credit Card,7.424662877699764,9,0,1
153.15605613455747,22,162,46,East,Clothing,Credit Card,6.872167110550283,8,1,0
29.51919014407372,46,87,13,West,Clothing,Credit Card,53.70307930813688,7,0,0
46.5726402880076,21,55,19,North,Electronics,Credit Card,8.882958400896376,7,0,0
70.70434884404274,27,288,21,North,Clothing,Debit Card,1.9233647980497035,6,0,1
32.59872494834812,73,178,10,South,Electronics,Debit Card,10.33633607861686,5,0,0
188.38990691458497,34,349,26,East,Electronics,PayPal,2.6438454263682147,4,0,0
174.1004932270699,27,8,2,South,Electronics,Credit Card,1.3142631903929702,3,1,0
24.503064749610264,34,321,16,South,Sports,PayPal,36.31607490926473,3,0,0
44.382963923192364,37,313,43,North,Electronics,Debit Card,15.851820553566723,6,1,0
27.89652300395234,41,247,27,West,Sports,Credit Card,40.17487529469056,4,0,0
26.762483819054086,22,323,28,West,Electronics,Credit Card,7.4985486001182196,6,0,0
11.879223888276126,51,255,20,North,Electronics,Debit Card,8.598374147570787,3,0,1
57.02460354912966,23,328,46,West,Electronics,Debit Card,2.843279152886997,4,1,1
44.925981641481926,70,54,15,South,Clothing,Debit Card,3.835671193861904,9,0,0
12.642554369019624,19,249,36,East,Sports,Debit Card,19.235549190013714,5,0,0
26.331296050518468,30,239,19,North,Sports,Debit Card,5.403448663578509,7,0,0
129.443047554467,60,229,5,East,Electronics,Credit Card,18.533947403810945,2,0,0
23.69302760710385,60,67,18,West,Electronics,Debit Card,13.344791754212212,5,0,1
17.82654304927349,65,51,4,East,Clothing,Credit Card,2.9500678550273998,9,0,0
43.613605473681815,28,97,2,West,Clothing,Credit Card,8.081519230195958,3,0,1
222.20184913076298,68,92,0,West,Clothing,Debit Card,12.313028131293683,9,0,1
23.85724067798631,64,264,37,South,Sports,Debit Card,3.6792809314128108,6,0,0
65.75775051486467,74,291,14,West,Sports,Credit Card,18.76015127527181,4,1,1
81.69438131197315,40,96,33,South,Sports,Debit Card,8.870791571222231,7,1,0
23.56665861679029,72,88,34,South,Electronics,Debit Card,2.8061347692441796,8,1,1
75.1374464246158,33,78,48,South,Sports,Debit Card,9.746317105536372,6,0,0
32.9261399632152,48,288,24,North,Home,PayPal,82.58834211960782,5,0,0
60.02518738658856,28,120,23,North,Home,Credit Card,2.631326373819561,6,0,1
60.19189135688191,71,302,11,West,Clothing,PayPal,17.969417567723884,5,0,0
48.36926249761744,33,165,17,South,Sports,Debit Card,3.3232179682628025,8,0,0
14.731457940581048,25,182,14,North,Home,PayPal,16.25043132442625,1,0,0
100.18223971231485,21,223,43,South,Clothing,Debit Card,14.264339771276523,7,0,1
29.34051468336983,57,311,15,East,Sports,PayPal,4.573743107250135,2,0,0
20.321605330377828,21,7,26,East,Electronics,Debit Card,4.942627656523586,9,1,0
12.08148798971726,73,330,7,East,Home,PayPal,16.727270384231154,1,0,0
54.68892022972917,42,263,45,West,Electronics,PayPal,7.188666025227709,6,0,0
66.59258671336744,20,161,24,South,Sports,PayPal,14.123676548948486,9,0,0
10.83634737792353,49,151,16,East,Home,Credit Card,2.6015014594778965,1,0,0
45.88152922747442,20,85,28,North,Sports,PayPal,20.14318921658537,4,0,0
22.841207352747883,44,147,7,East,Electronics,Credit Card,13.4092976619741,4,1,0
61.806217077384595,46,112,14,East,Home,Debit Card,24.74541016073311,9,1,0
19.580211126956687,49,36,26,East,Electronics,PayPal,2.419926644768987,5,0,0
68.71062637838595,67,285,45,West,Sports,Debit Card,9.989777215958295,5,1,0
34.44793504905509,68,188,49,North,Sports,Debit Card,10.140946077218873,6,1,0
148.01719089021535,36,82,6,South,Electronics,PayPal,5.361213564682479,1,1,1
17.397220671963947,38,2,2,North,Home,Credit Card,7.133502099743854,1,1,0
30.856621699758588,22,303,28,South,Electronics,PayPal,1.3872166352071413,9,0,0
16.02221425184982,35,197,43,West,Sports,Debit Card,14.69870134696836,3,0,0
139.30951985753617,45,11,23,West,Electronics,Debit Card,8.970032271728016,4,0,0
114.9166853580497,59,234,2,West,Sports,PayPal,1.594751503229917,1,0,0
24.916368503074445,39,195,19,West,Electronics,Credit Card,12.417992430040995,9,1,0
63.93813695219573,38,119,45,South,Home,Credit Card,7.288250776475863,8,0,0
94.97420363196106,23,20,14,East,Home,Debit Card,1.3506905303506946,2,1,0
50.506618034325406,18,261,24,South,Electronics,Debit Card,35.93566875512016,8,1,0
47.713970509697305,22,293,29,North,Electronics,Credit Card,30.781309514599346,7,1,0
23.84385227189516,58,256,13,West,Home,PayPal,8.192907984512864,6,1,0
14.886307023747037,29,222,6,West,Sports,Debit Card,1.9835447173882303,1,0,0
123.75616125972614,43,226,16,North,Home,Credit Card,15.049522280266014,7,0,0
125.33872138242134,63,53,43,South,Sports,Debit Card,7.771382108874013,7,0,1
60.13349597414424,51,355,19,East,Electronics,PayPal,4.601774681779734,9,0,1
30.702325490566196,66,342,35,East,Electronics,Credit Card,7.7612916695636684,1,0,1
31.478380790582197,31,364,8,North,Sports,Debit Card,8.390741529293075,2,0,0
74.7232714863559,43,280,37,East,Electronics,PayPal,9.27162573773491,9,1,0
123.70486745536262,62,81,47,South,Sports,Debit Card,6.8200608924876835,9,0,0
119.05662846983066,44,202,21,South,Clothing,PayPal,10.307835044382253,6,0,0
85.67810959654516,26,158,1,North,Home,PayPal,26.10036298323111,6,0,0
61.36553467838525,43,120,23,South,Clothing,Credit Card,5.498372831598686,4,0,0
14.394586309804204,74,59,7,West,Sports,PayPal,13.935929018698669,4,0,0
18.814710734170575,64,215,10,North,Home,Debit Card,23.48594728801504,5,1,0
124.41152500887529,74,128,12,South,Sports,PayPal,7.08767936822302,3,0,0
56.624697348279476,39,224,16,North,Home,PayPal,6.860087518140936,1,1,0
10.46198028054972,64,209,7,East,Home,Credit Card,10.215972499566957,1,0,1
15.349845071797466,73,115,20,South,Home,PayPal,9.950351396196602,7,1,0
64.45811936451204,47,209,17,West,Home,PayPal,17.42939590585083,1,0,1
10.25372185258985,60,14,29,South,Sports,Debit Card,7.47186508541635,1,0,0
18.765790805209953,65,9,17,North,Home,Credit Card,56.5268063080875,3,0,0
49.78489230694658,34,40,45,North,Home,Credit Card,1.61313400891776,4,1,0
68.86576433274064,43,237,46,South,Clothing,Credit Card,1.0317287683499041,4,0,1
62.77207410676243,53,281,30,West,Electronics,PayPal,11.222022647574928,2,0,0
22.697493365401225,18,359,37,West,Electronics,Credit Card,4.544416002253947,1,1,1
72.27086444492694,25,201,31,West,Clothing,PayPal,3.749401153463224,3,1,0
23.541187952640296,66,246,10,North,Clothing,PayPal,4.738197657658486,4,0,1
29.681745445904223,52,278,44,South,Sports,Debit Card,3.957781777854371,3,1,0
78.61787758328953,69,235,24,East,Sports,Debit Card,1.312740235431974,8,0,0
62.43869071513841,32,4,32,North,Sports,Debit Card,36.590112464368275,1,0,0
104.59780387317005,64,154,37,West,Clothing,Debit Card,3.4941757074963027,2,0,1
63.590664408488124,73,29,40,South,Clothing,Debit Card,14.243708658940099,7,1,1
52.00221527936287,39,109,7,West,Home,PayPal,15.379936102924633,4,1,0
14.917853072420524,31,98,10,East,Sports,PayPal,27.487073133993455,8,0,0
32.920815360351,43,215,21,West,Sports,Credit Card,1.3102581859019895,3,0,0
25.408007392941556,45,293,23,West,Sports,PayPal,21.561027305052647,6,0,1
23.985010183121062,40,75,40,East,Electronics,PayPal,8.491381884500967,9,1,0
190.61547030814629,31,326,16,South,Home,Debit Card,11.011519946509758,1,1,1
34.96937485200119,41,146,11,North,Sports,PayPal,11.341464245729046,1,0,1
121.30276056242614,19,128,45,South,Sports,Debit Card,18.136757528872344,8,1,0
59.86671928682416,62,341,31,East,Sports,Credit Card,5.055760975059255,3,1,0
89.19126263441999,43,42,14,West,Electronics,Credit Card,14.20698361285034,5,0,1
44.921766219438524,31,356,15,South,Electronics,PayPal,8.520018528212983,1,0,1
53.00779513207925,73,41,21,North,Clothing,Credit Card,16.7694175033172,5,0,1
43.914671667084676,68,34,27,East,Home,PayPal,47.613208128888814,6,0,0
20.860744766261924,24,17,19,South,Clothing,Credit Card,3.239576543608886,8,0,0
74.0880901532902,20,165,32,North,Home,Debit Card,53.30404836285843,3,0,1
26.478868418313148,64,153,9,East,Electronics,Debit Card,1.9410427690863234,3,1,1
11.23082405403443,40,76,39,North,Sports,Debit Card,1.0232023757538993,9,0,0
61.848439314763695,63,87,31,East,Clothing,Debit Card,1.4516676958607966,4,0,0
19.746678511241136,60,117,49,West,Sports,PayPal,5.182197104339113,4,0,0
151.05415736366515,64,362,32,South,Clothing,Credit Card,11.021382337341059,7,0,1
163.87812063940117,62,342,1,North,Electronics,PayPal,1.7152773248544573,2,0,1
133.17549423169208,35,27,32,East,Electronics,Debit Card,1.0568192614247014,8,0,0
33.114369824868334,55,313,32,North,Electronics,PayPal,28.660664936310294,6,0,0
10.77886576859722,52,287,40,North,Clothing,Credit Card,18.255596559628366,3,0,1
141.7761728665945,68,134,12,South,Home,PayPal,17.56441322280076,9,0,0
37.94691385265307,32,219,29,West,Clothing,Credit Card,22.57829340487886,5,0,1
180.0421008061028,42,168,32,North,Home,PayPal,13.040870534257973,8,1,0
175.68677380651027,72,98,12,East,Clothing,Credit Card,2.1026600542055975,7,0,0
105.86935085897095,54,268,25,East,Clothing,Credit Card,6.093270606290288,8,0,1
27.438803408608013,45,237,21,West,Electronics,Debit Card,13.842775807921054,7,1,0
34.31459660493468,27,309,38,East,Sports,Credit Card,4.28968703776112,3,0,0
105.23633262390399,56,173,1,West,Sports,Debit Card,12.628512199231718,2,0,0
29.057311571535855,74,190,37,East,Home,Debit Card,1.248035282156257,7,1,0
19.28593081478774,34,122,38,South,Sports,Debit Card,4.654812355806585,3,0,0
50.68684960301139,56,46,25,North,Clothing,PayPal,8.9657697520895,3,0,0
147.5646735403521,39,64,45,South,Clothing,PayPal,10.999164725300654,2,1,0
69.54127988789685,43,130,49,North,Electronics,PayPal,9.604792380366728,4,1,0
52.205616821782776,61,310,14,North,Electronics,PayPal,12.965215542137535,8,1,0
15.111409867466143,42,363,33,North,Sports,Credit Card,1.0610736025511163,1,0,0
57.726535775885885,34,193,41,South,Home,Credit Card,2.0640684061772,1,0,1
240.52848739231587,30,307,43,North,Sports,PayPal,21.32132491182855,5,0,0
17.546029332113207,37,181,48,South,Sports,Credit Card,12.449137810357435,5,0,0
46.524766249075185,42,292,39,West,Sports,Credit Card,2.1983323389902836,1,0,0
114.93043189503972,21,282,10,East,Sports,Debit Card,19.456314797441916,6,0,1
77.5017124176835,27,29,2,East,Clothing,Debit Card,3.77376976580797,1,1,1
69.70372126508366,20,149,5,North,Home,Debit Card,7.505856775171112,5,0,0
70.6143778112245,58,267,8,South,Clothing,Debit Card,2.568836760937344,9,0,0
32.27461711574746,62,296,5,East,Home,Credit Card,13.382539329342642,5,0,1
27.37810421335476,35,11,8,South,Electronics,PayPal,11.991757104031342,6,0,0
92.86872536298561,64,164,38,South,Sports,Credit Card,3.3713151730384783,8,0,0
93.06640995435144,53,113,30,North,Clothing,Credit Card,20.90703945748481,1,0,0
110.89750236839575,64,187,31,East,Home,Credit Card,6.130047032690046,2,0,1
132.23079809183182,39,295,40,North,Electronics,Debit Card,4.460389798275591,9,0,1
45.80466184664519,51,232,49,North,Electronics,Debit Card,2.652633855621458,3,1,0
44.809218877559964,64,227,11,East,Sports,Debit Card,4.09475176454127,6,1,1
90.04749661542438,25,310,7,East,Home,PayPal,1.2227313613990822,5,0,0
62.48595374439001,57,98,7,West,Clothing,Credit Card,9.752867358118628,2,0,0
70.52753242557586,66,55,49,West,Sports,PayPal,19.46621733306127,7,1,0
89.43097374771024,61,111,27,South,Clothing,Debit Card,8.962445910656708,4,1,0
120.36617381733835,36,152,19,East,Electronics,PayPal,3.4753097419466448,1,0,0
30.62412035688271,59,246,46,West,Clothing,Credit Card,1.3424903778047452,4,1,1
33.546839436377816,58,69,6,South,Clothing,Credit Card,3.415978813767288,6,0,0
14.934801959368027,54,312,10,South,Sports,Debit Card,6.380622425525314,7,1,0
53.170701330471736,23,289,19,South,Clothing,Debit Card,15.254986177997338,7,1,0
11.83020521054285,69,250,15,West,Sports,PayPal,3.0806142618781536,7,0,1
41.330347409105485,43,36,3,East,Electronics,Debit Card,13.722211435982459,3,1,1
49.1147292843563,51,239,5,North,Sports,Debit Card,21.16906037881917,6,0,1
26.881533015726124,73,148,21,South,Sports,Credit Card,7.050389601883285,8,1,0
54.68162650730876,62,227,25,West,Home,Debit Card,18.22785751123051,4,0,0
11.548753105073727,23,244,2,West,Clothing,Debit Card,9.089112887016888,8,1,0
11.903174964139469,54,337,40,North,Electronics,Credit Card,11.136027159248126,2,0,1
96.46756847690679,74,201,41,North,Sports,Credit Card,8.47135598982564,9,0,1
32.329251210387234,50,154,13,West,Electronics,PayPal,7.2207886889222035,9,0,0
16.7944520648714,70,73,10,East,Home,Debit Card,3.674265304504811,8,1,0
46.93267941395078,39,201,17,North,Clothing,Credit Card,4.6124832802244455,1,1,1
83.48239702228676,38,296,11,West,Sports,PayPal,4.424482238374497,2,1,0
22.15590017149517,23,17,22,North,Clothing,PayPal,9.2848347178601,6,1,0
58.760980932824644,23,129,11,East,Home,Debit Card,2.2778075133058935,5,0,0
14.460551449494865,72,217,12,South,Home,Debit Card,25.864080647756225,9,0,0
12.65325479551547,65,61,24,North,Electronics,PayPal,13.753082220155822,5,0,0
47.89544703127605,21,104,44,East,Sports,Credit Card,6.132379158597136,2,0,1
48.89552213473711,47,42,18,West,Electronics,PayPal,2.7271680389513193,4,0,0
60.7268724102308,28,25,45,North,Home,Debit Card,22.370042984268647,9,0,1
74.74802814583421,47,39,35,North,Clothing,Credit Card,18.360112264520485,1,0,0
196.17785043499964,48,291,44,West,Electronics,Credit Card,13.791330576360222,1,0,0
46.31455596151781,41,131,7,South,Electronics,PayPal,4.168322366420005,7,0,0
29.50098570529894,72,229,28,West,Clothing,Debit Card,6.14911689429903,3,0,0
89.28269898663432,26,108,31,North,Electronics,PayPal,2.084188012855713,2,1,0
25.792573271806866,72,172,43,West,Clothing,PayPal,3.0953596184662233,9,1,1
38.899171563665064,20,102,17,East,Sports,PayPal,16.2793459804331,3,1,0
14.085258429183494,68,354,5,West,Clothing,Credit Card,13.554019635591311,2,0,0
11.283880477073719,48,12,17,North,Sports,Credit Card,10.001363271781429,8,0,0
174.3689961634301,57,275,18,West,Clothing,Debit Card,23.607401907136232,6,1,0
100.38838210575312,54,101,21,South,Home,Debit Card,9.75308392961058,6,0,1
69.53213663996708,53,44,36,West,Home,PayPal,7.291738190267519,7,0,0
36.2929822232571,41,305,31,South,Sports,PayPal,5.160773386218203,7,0,1
19.51532680710544,48,17,40,East,Sports,PayPal,29.20913890904081,6,0,0
18.506037078642706,23,330,2,South,Home,Debit Card,1.8633756208046002,4,0,0
24.40029945632918,19,57,27,West,Sports,Credit Card,27.720178161468336,9,0,0
49.83953241566573,37,311,9,North,Clothing,Credit Card,18.52815678631699,6,0,0
72.69246438883879,45,303,34,South,Clothing,PayPal,2.3918152406651547,4,0,0
63.969517484839926,28,12,28,East,Home,PayPal,9.323732891727424,3,0,0
26.420613069449796,21,318,14,South,Electronics,PayPal,21.14013279597309,4,1,0
164.90517492781532,32,80,32,South,Clothing,PayPal,9.481863033524936,3,0,0
76.95087024376132,23,216,6,South,Sports,Debit Card,24.773067163537085,2,0,0
50.411524096566566,71,339,11,East,Electronics,Credit Card,29.64420135935941,5,1,0
57.30152360187175,66,264,48,West,Electronics,PayPal,6.488468949902241,2,0,0
37.20189327660257,47,149,29,South,Clothing,Debit Card,5.737123563299786,6,0,0
24.233064613703178,73,81,20,South,Clothing,PayPal,28.539028589851537,3,0,0
32.00070646615562,55,215,30,North,Electronics,PayPal,12.243611469248151,6,0,0
80.90909238783566,68,198,23,East,Electronics,Credit Card,2.23323874307332,9,0,1
10.724903986040214,74,200,19,South,Home,PayPal,1.4321208729138293,1,1,0
16.169019611998802,19,25,36,East,Sports,Credit Card,9.315568549554257,6,0,0
12.354718847626026,32,89,3,South,Home,Credit Card,27.617053877736062,9,0,0
12.079072595864622,28,268,27,West,Clothing,Credit Card,19.59494790086476,4,0,0
106.71015168078293,25,143,43,West,Home,Debit Card,12.265419552468947,2,0,0
70.81203058503442,43,59,19,South,Home,Debit Card,2.4979533516487207,4,0,1
42.13922972064462,68,26,23,West,Home,Credit Card,3.933398927727322,1,0,0
15.147845922390662,62,47,49,South,Home,PayPal,21.83539740256597,3,0,1
43.82589828986166,61,288,48,West,Sports,Credit Card,3.018802715072732,9,0,0
42.07251660471856,22,266,31,North,Sports,PayPal,4.263389240454773,5,0,0
19.50973564001125,23,16,40,North,Electronics,Credit Card,2.3880315103726675,6,0,0
38.44495656511619,43,199,35,North,Clothing,PayPal,12.273458665714703,3,1,1
35.416830729160345,71,282,33,East,Home,Debit Card,29.820876624998107,5,0,0
57.836121645656725,21,86,35,East,Electronics,PayPal,4.132980877609407,8,0,1
60.405726802045606,36,250,1,North,Electronics,Credit Card,7.4513180760672215,6,0,0
12.318116201026736,37,270,14,East,Electronics,Debit Card,11.060506272491931,4,1,1
33.46920023275308,50,335,33,West,Sports,PayPal,76.35579650346338,2,0,1
59.15624973913643,37,117,35,South,Home,PayPal,2.1071713118225643,9,0,0
44.97197263038949,66,7,5,South,Home,PayPal,7.902928570313071,1,1,0
107.06747265877193,29,137,38,South,Clothing,PayPal,5.863283471670861,1,1,0
63.74873820274989,64,176,41,North,Home,PayPal,21.08574328196753,4,0,0
18.89264343836537,18,328,11,East,Home,Debit Card,7.462020145183662,7,0,0
13.659121812812042,43,315,2,West,Electronics,Debit Card,2.176327621063106,1,1,0
61.41970735544456,31,215,44,West,Clothing,Debit Card,11.062814844894811,9,1,0
11.343453633369721,55,82,17,North,Home,Debit Card,15.730757351682458,4,1,0
54.067368890364534,54,223,39,West,Sports,Credit Card,1.0288541046147421,3,0,0
150.8627727693576,28,103,20,West,Home,Debit Card,20.586882401805035,1,0,0
52.83912227887722,53,273,14,West,Electronics,PayPal,3.0582316891400767,4,0,1
34.56503461119536,30,14,32,West,Sports,PayPal,9.031168903704105,9,1,0
61.541357892249096,60,159,34,East,Electronics,Debit Card,6.375076108580007,6,0,1
40.64779870255457,20,152,25,West,Home,PayPal,13.717300702398491,6,0,0
49.44071802881601,50,108,7,South,Sports,Debit Card,5.638809945422524,1,1,1
151.90635731164997,23,188,35,North,Clothing,PayPal,21.38400768009023,2,0,0
34.39637636750936,67,301,47,East,Clothing,Credit Card,14.111733857884058,6,1,0
172.4545930753377,73,98,29,West,Sports,Credit Card,11.433095802631989,2,0,1
127.87880918849596,27,131,22,East,Sports,Debit Card,16.908153711796274,3,0,1
20.894813047022502,22,293,41,West,Electronics,Debit Card,15.025173853543311,4,0,1
13.59420776515785,40,171,43,South,Sports,Debit Card,1.3660037116834973,5,1,0
15.31126677408151,27,183,13,North,Electronics,PayPal,6.020878327667067,9,0,0
10.919494392361685,61,364,13,West,Home,Debit Card,27.70859874469455,4,0,1
14.960250582787708,19,39,1,West,Electronics,Credit Card,2.3435947137823145,9,1,0
67.44374362885836,30,15,36,West,Sports,PayPal,14.359684261153859,3,0,0
13.692481347321351,57,4,4,West,Sports,Debit Card,37.72683768540764,8,0,0
29.207859414743425,19,349,37,North,Home,PayPal,1.5361032298944166,1,0,0
103.17630200486386,37,210,44,North,Sports,PayPal,12.463137696420302,9,0,0
11.177350159035576,18,161,40,South,Sports,Debit Card,7.314015709106807,9,0,0
94.22652530929793,54,16,46,North,Clothing,PayPal,9.655388155202154,2,0,1
26.554173341981475,26,108,13,West,Clothing,Credit Card,1.8920432864339733,4,0,1
16.287505991455383,34,311,38,South,Home,Credit Card,1.439591517843443,8,0,1
69.65777042199568,26,227,24,South,Electronics,PayPal,11.992124503818925,7,0,1
59.56995882166101,28,170,19,South,Clothing,Debit Card,18.333552673550944,1,0,0
114.97079070434734,32,34,1,West,Electronics,PayPal,16.233305623964917,5,0,0
76.41467893822002,41,251,38,East,Sports,Credit Card,8.848365248139977,7,0,0
91.34979029969891,55,247,5,West,Clothing,PayPal,2.052125500899133,4,0,1
26.56669311533693,72,269,16,North,Home,PayPal,12.64894549511714,1,0,1
19.766664802022348,52,141,24,North,Home,Credit Card,3.769253124660449,9,0,0
79.43781980027124,47,274,27,West,Home,PayPal,25.19891148556588,5,1,0
92.21045916217098,48,96,1,West,Clothing,PayPal,19.217983086614744,2,0,1
242.85024450701152,66,227,34,South,Electronics,Debit Card,13.3574891665031,8,1,0
36.60396770763025,22,39,36,West,Sports,Debit Card,30.729137248249287,2,1,0
33.262195598086635,61,302,4,South,Electronics,Credit Card,1.3192607818612843,3,0,0
84.89772516717935,67,29,0,North,Electronics,Credit Card,14.325656499995462,1,0,0
30.836683546537657,31,318,39,South,Sports,Credit Card,5.008399894828814,2,0,1
143.5068962199663,70,245,11,West,Sports,Debit Card,24.651616540225568,7,1,1
107.74195785831246,73,236,35,North,Clothing,Credit Card,4.101665601832773,2,0,0
38.01778047210799,28,185,44,East,Clothing,Credit Card,13.904624967439629,6,0,0
79.48923582477306,26,272,22,South,Clothing,Credit Card,22.00845130181158,3,0,0
80.23164934275086,51,236,46,North,Clothing,Debit Card,1.4254933800135405,4,1,0
15.441875940335901,29,239,30,South,Clothing,PayPal,6.069125890023193,8,1,1
126.4222840433816,52,266,10,North,Sports,Credit Card,15.367839029060201,3,0,0
45.18537448783772,52,359,9,North,Electronics,PayPal,7.068206688008882,6,0,1
97.5666278761665,18,340,2,South,Clothing,Credit Card,4.109542883345871,1,0,0
29.286771308225415,57,65,13,East,Clothing,PayPal,3.4821183764083585,7,0,0
122.93952572729631,39,177,15,North,Electronics,Debit Card,2.4100872624108343,8,1,0
34.64942270300856,46,3,9,North,Clothing,Debit Card,20.45817072381057,8,0,0
10.544840330758774,25,142,28,North,Electronics,Credit Card,9.565027028487403,3,0,0
127.89536484812268,28,158,9,East,Electronics,PayPal,1.79459901278925,1,0,0
14.786280527423763,58,324,11,East,Sports,Debit Card,5.822062975978665,9,1,0
29.232681669251946,54,146,29,West,Home,Credit Card,5.584445350160738,6,1,0
159.84861915941428,31,293,40,South,Sports,Credit Card,3.005741554338555,9,0,1
160.39747700519948,47,153,0,East,Home,Debit Card,6.718284038489216,7,1,1
52.59986455276319,52,193,4,South,Home,Debit Card,5.036158670984849,1,0,1
59.96150401952623,38,73,19,West,Home,Credit Card,5.182520722246645,1,0,0
39.75073318114288,54,305,7,South,Clothing,PayPal,14.433366308135838,6,0,0
27.35113893730985,22,344,42,East,Sports,PayPal,3.526539635645089,5,0,0
29.924316727519486,36,140,11,South,Home,PayPal,11.268311926892821,9,0,1
65.81617899642532,31,187,0,East,Electronics,Credit Card,9.454819658443109,2,1,0
79.79189368315386,43,293,19,South,Clothing,Debit Card,9.395438626014313,8,0,0
88.40977081105743,21,61,27,East,Sports,Credit Card,11.876941475076539,5,0,0
87.94155159243708,42,198,42,East,Home,Debit Card,8.949186693659033,2,0,0
14.781847327015972,62,295,36,South,Electronics,PayPal,22.14075346322892,6,0,0
44.102479828667796,59,319,46,West,Sports,PayPal,12.257165897898979,8,1,1
12.96408532243689,42,302,36,North,Sports,Debit Card,8.917820339889118,4,0,1
49.87306578476964,35,344,11,West,Clothing,Debit Card,18.705644017541438,2,0,0
39.12776374936418,57,11,36,South,Sports,Credit Card,10.31776431107425,5,1,0
119.33093321104006,25,62,48,West,Clothing,PayPal,4.441032255966274,2,0,0
31.609580973394255,56,333,48,East,Home,Credit Card,3.3205175956373623,2,0,1
16.225298877622542,57,226,43,North,Clothing,Credit Card,2.652612576125146,6,0,0
17.71538272710597,31,153,27,South,Electronics,Credit Card,23.971520044463837,9,0,0
81.67152735395469,49,199,46,South,Clothing,PayPal,13.383414712832021,4,1,0
58.14528398740175,68,52,14,South,Electronics,Credit Card,28.70645621911691,6,1,1
15.330435612269273,55,260,5,North,Clothing,Credit Card,10.24554295549508,7,0,1
14.392776083430254,50,59,43,East,Sports,Credit Card,7.413157058577372,6,1,0
70.36042358265499,40,72,19,South,Home,Credit Card,1.615738417147021,8,0,0
13.777304476289856,32,148,49,West,Electronics,Credit Card,12.136516598330385,4,0,0
96.25929269042906,50,349,13,South,Clothing,Credit Card,9.727733964945758,1,0,1
71.24998765650025,42,63,1,South,Clothing,PayPal,47.26280814282115,7,0,0
14.242437529015604,34,310,8,South,Clothing,Credit Card,3.7333058649302897,3,0,0
14.432693388890335,50,243,36,South,Sports,Debit Card,8.565926572335776,6,0,0
225.77292810290461,64,330,19,East,Sports,Credit Card,11.525611153061528,2,1,0
33.44187912761448,72,107,25,West,Electronics,Credit Card,11.344865316687773,9,0,0
33.15276302376562,19,226,28,East,Electronics,PayPal,9.239247523142351,1,0,1
93.77877016413386,31,313,0,West,Sports,PayPal,16.002607359736306,6,0,0
157.10822689816217,70,218,34,South,Electronics,Debit Card,3.293895287918014,6,0,0
223.4386969800992,57,241,5,North,Home,Debit Card,13.932675144082388,5,0,0
79.99496150581709,57,259,36,East,Home,PayPal,10.668857738679451,5,0,0
33.60104998095628,68,262,4,North,Sports,PayPal,23.640868695675973,1,1,1
14.359699684897862,56,5,32,East,Electronics,Credit Card,19.785890091526717,5,0,1
85.06212702273129,68,261,48,South,Clothing,PayPal,4.78551119429698,2,0,0
50.86802037807465,23,54,13,East,Home,Debit Card,4.23291737260584,7,0,1
37.601656265248685,23,47,11,South,Sports,Credit Card,40.98306857261912,3,0,1
128.41188377390452,20,215,41,East,Electronics,Debit Card,8.492206838899076,4,0,0
15.894010398594013,24,177,19,South,Sports,Credit Card,24.689488940292264,3,1,0
43.92525546864771,68,9,49,South,Clothing,PayPal,2.7898435997134925,3,0,0
10.570929471627084,25,99,23,West,Home,Debit Card,11.295123843498642,4,0,0
41.61771847914631,59,20,42,South,Sports,Credit Card,17.599956214340153,5,0,0
12.897521553296288,69,241,33,West,Sports,Credit Card,30.44948851271623,1,0,0
16.32454979655856,32,61,24,South,Sports,PayPal,5.114934536510191,4,0,0
16.251311600372816,64,178,49,North,Clothing,PayPal,13.909157106562894,8,1,0
62.37841932034858,46,338,28,South,Sports,PayPal,8.739516979226517,7,0,0
78.52988587982364,50,62,38,North,Clothing,Debit Card,1.6254469792897408,9,1,0
53.77768886014343,69,145,30,North,Clothing,Credit Card,12.711821341127989,5,0,0
173.73601045511884,47,216,46,South,Clothing,PayPal,12.714945082089427,4,1,0
33.489828896013364,56,3,42,North,Home,Debit Card,27.679664688206046,8,0,0
26.823457871027937,44,160,49,West,Home,Debit Card,7.877864672313896,9,0,1
111.47512690851148,53,227,22,East,Sports,Debit Card,3.616906882945332,7,0,0
22.654103386592666,46,269,43,South,Sports,PayPal,1.455873133974088,7,1,1
175.14350531259555,55,120,37,North,Home,PayPal,6.372417897432824,5,0,0
10.611447217948465,74,89,19,South,Electronics,Credit Card,4.594168424771409,4,0,0
185.12634614397408,50,329,22,West,Home,Credit Card,15.316612765970953,1,0,0
12.205949930925094,54,68,44,South,Clothing,PayPal,5.373703577849871,7,1,0
120.88606145800044,44,357,15,South,Home,Debit Card,30.773266277556516,1,0,0
47.50716251746952,72,98,49,North,Clothing,Debit Card,33.78365857437529,1,1,0
257.84143039630163,50,267,41,West,Sports,Debit Card,10.699779162198968,5,0,0
13.833068797722747,21,105,7,East,Electronics,Credit Card,27.4030212225661,9,0,0
50.35548318666744,39,323,49,East,Sports,Debit Card,15.30682475504204,6,0,1
184.17876106280025,19,123,20,North,Clothing,Credit Card,8.91553358168615,3,1,1
47.0221966590522,27,29,0,South,Clothing,Credit Card,2.9882654025665136,3,0,1
59.63141451905937,22,137,7,North,Clothing,Debit Card,7.135931033493055,7,1,0
69.49506190583871,27,195,28,North,Electronics,Debit Card,9.229699463362438,6,0,0
40.30638778384754,50,226,31,North,Home,PayPal,20.94817938544657,9,0,0
59.383708650401104,71,332,37,South,Sports,PayPal,7.5649394620689705,6,0,1
53.89129309028778,55,170,4,West,Sports,Debit Card,23.79598057761551,5,0,1
125.71163847413237,30,9,46,North,Home,Credit Card,12.219289587987834,7,1,0
12.32557308717405,48,40,21,South,Sports,Credit Card,2.4733950221409726,1,1,1
26.49213629493792,64,25,46,West,Electronics,Credit Card,53.945981564109715,7,1,0
160.19980029304656,53,261,33,North,Sports,Credit Card,8.491518947050915,3,1,0
120.4837914226743,62,226,0,East,Clothing,Credit Card,5.973473590547785,9,0,0
40.408763097981,41,124,25,West,Home,PayPal,11.762064775074407,6,0,1
58.396651436948865,69,38,42,North,Electronics,Debit Card,2.1529112128425956,9,1,1
26.243670994756506,73,328,9,West,Home,PayPal,11.120823061019092,5,0,1
20.420208071803224,32,251,29,West,Electronics,Credit Card,7.896253903481844,7,1,0
41.15292994020494,46,176,49,West,Clothing,Credit Card,6.220114019676628,4,1,0
31.797676730836667,25,90,17,West,Home,Credit Card,31.580337505581806,7,0,1
53.81218530033215,22,37,16,West,Sports,Credit Card,8.392742989229067,1,1,0
14.04611422165924,46,316,25,West,Electronics,Debit Card,3.4733056231346846,7,0,0
193.24800612612836,64,176,7,North,Home,Credit Card,7.142684966419764,8,0,1
224.19327877762692,21,284,46,East,Sports,Debit Card,26.181003708680528,5,0,0
